{"network": "UNetImplicit", "scalings": 3, "filters": 64, "code_size": 16, "degree": 1, "input_res": 512, "num_input_slices": 1, "base_data_dir": "/home/georgm/Dropbox/Data/Projects/ANALYST/CHD_orig/", "sub_data_dir": "output_512", "image_dir": "images_1_slice_512", "mask_dir": "BP_masks_512", "base_output_dir": "/home/georgm/Dropbox/Apps/Python/Projects/ANALYST/spline-segmentation/ImplicitSpline", "model_in": "../example_output/saved_models/weights_chd_ct_table1-O128-d3-p1.pth", "model_out": "../example_output/saved_models/weights_chd_ct_table1-O128-d3-p1.pth", "init_epoch": 0, "n_epochs": 101, "batch_size": 10, "seed": 40, "learning_rate": 0.001, "step_lr_size": 200, "loss_strings": ["mse", "iou", "dice", "acc"], "mae_loss": 0, "mse_loss": 0, "dice_loss": 1, "iou_loss": 0, "acc_loss": 0, "write_model_frequency": 1, "it_counter": 47530, "output_res": 128, "coeffs_loss": {"mse": 0, "iou": 0, "dice": 1, "acc": 0}, "loss_string": "1dice", "val_loss": {"mse": {"0": 0.9384700059890747, "1": 0.3022446632385254, "2": 0.2916581332683563, "3": 0.5331990718841553, "4": 1.020870566368103, "5": 1.0393917560577393, "6": 1.3934777975082397, "7": 1.2092833518981934, "8": 0.9314590096473694, "9": 1.4508332014083862, "10": 1.0074445009231567, "11": 1.611441731452942, "12": 1.6076587438583374, "13": 1.5192441940307617, "14": 1.5902552604675293, "15": 1.6765483617782593, "16": 1.4676012992858887, "17": 1.372145414352417, "18": 2.5972654819488525, "19": 1.672688364982605, "20": 2.0028674602508545, "21": 1.8722007274627686, "22": 1.7993587255477905, "23": 1.2379181385040283, "24": 1.9387139081954956, "25": 2.0283758640289307, "26": 1.7807129621505737, "27": 2.5156750679016113, "28": 2.997525215148926, "29": 2.9957146644592285, "30": 3.083235263824463, "31": 2.197763681411743, "32": 2.5986180305480957, "33": 2.9764034748077393, "34": 3.032149314880371, "35": 2.566964626312256, "36": 1.8226290941238403, "37": 3.888262987136841, "38": 2.675123691558838, "39": 3.247983932495117, "40": 2.669257879257202, "41": 3.1995456218719482, "42": 3.179612636566162, "43": 3.2887938022613525, "44": 4.466360569000244, "45": 3.1000711917877197, "46": 3.677830219268799, "47": 4.090926647186279, "48": 4.445837020874023}, "iou": {"0": 0.9975018501281738, "1": 0.15475405752658844, "2": 0.1865759938955307, "3": 0.22674159705638885, "4": 0.13915182650089264, "5": 0.1483113169670105, "6": 0.14501720666885376, "7": 0.13756966590881348, "8": 0.13475599884986877, "9": 0.13488006591796875, "10": 0.13407976925373077, "11": 0.14890071749687195, "12": 0.1400347352027893, "13": 0.14750774204730988, "14": 0.13900384306907654, "15": 0.1344262659549713, "16": 0.13221140205860138, "17": 0.1371842473745346, "18": 0.1289028376340866, "19": 0.13828013837337494, "20": 0.14354313910007477, "21": 0.13074690103530884, "22": 0.13073591887950897, "23": 0.1536952704191208, "24": 0.13375774025917053, "25": 0.1348644644021988, "26": 0.14940084517002106, "27": 0.14001432061195374, "28": 0.13714133203029633, "29": 0.14332392811775208, "30": 0.13301022350788116, "31": 0.14163675904273987, "32": 0.13439996540546417, "33": 0.13192866742610931, "34": 0.1343165934085846, "35": 0.13784752786159515, "36": 0.13902176916599274, "37": 0.1308058351278305, "38": 0.1354747861623764, "39": 0.13474375009536743, "40": 0.1456543654203415, "41": 0.13056761026382446, "42": 0.14289258420467377, "43": 0.14251351356506348, "44": 0.13149414956569672, "45": 0.13033801317214966, "46": 0.13469216227531433, "47": 0.14522723853588104, "48": 0.1416754424571991}, "dice": {"0": 0.9950147271156311, "1": 0.08424283564090729, "2": 0.10367733985185623, "3": 0.13021402060985565, "4": 0.0752127543091774, "5": 0.08057722449302673, "6": 0.07875349372625351, "7": 0.07423900812864304, "8": 0.07259591668844223, "9": 0.07263319939374924, "10": 0.07223985344171524, "11": 0.08101232349872589, "12": 0.07552734762430191, "13": 0.07999424636363983, "14": 0.0752367153763771, "15": 0.0725172758102417, "16": 0.07115451991558075, "17": 0.07401390373706818, "18": 0.06919608265161514, "19": 0.07467678934335709, "20": 0.07765097916126251, "21": 0.07029105722904205, "22": 0.07034044712781906, "23": 0.08381955325603485, "24": 0.07202787697315216, "25": 0.07268724590539932, "26": 0.0812540128827095, "27": 0.07560446113348007, "28": 0.07399877160787582, "29": 0.07772468775510788, "30": 0.07156769186258316, "31": 0.07660400122404099, "32": 0.07241862267255783, "33": 0.07088104635477066, "34": 0.07240986824035645, "35": 0.07437629252672195, "36": 0.0750223845243454, "37": 0.0702756866812706, "38": 0.07305139303207397, "39": 0.0725969672203064, "40": 0.0789228156208992, "41": 0.07022801786661148, "42": 0.07731467485427856, "43": 0.077183298766613, "44": 0.07086985558271408, "45": 0.07004112750291824, "46": 0.07248222082853317, "47": 0.07874657958745956, "48": 0.07666963338851929}, "acc": {"0": 0.060520756989717484, "1": 0.010912004858255386, "2": 0.01347766350954771, "3": 0.015304130502045155, "4": 0.00922921672463417, "5": 0.009947232902050018, "6": 0.009517302736639977, "7": 0.009235183708369732, "8": 0.00913871731609106, "9": 0.009293087758123875, "10": 0.009122928604483604, "11": 0.009867452085018158, "12": 0.00976513046771288, "13": 0.01045868918299675, "14": 0.009127679280936718, "15": 0.008822966367006302, "16": 0.00890336837619543, "17": 0.00947481021285057, "18": 0.008606730960309505, "19": 0.009291160851716995, "20": 0.009767883457243443, "21": 0.008859933353960514, "22": 0.00885077752172947, "23": 0.010819950141012669, "24": 0.009069181978702545, "25": 0.009105442091822624, "26": 0.009910088032484055, "27": 0.009626920334994793, "28": 0.00906027015298605, "29": 0.00960855558514595, "30": 0.00897041242569685, "31": 0.009447080083191395, "32": 0.009033544920384884, "33": 0.009024222381412983, "34": 0.008925591595470905, "35": 0.009333181194961071, "36": 0.009619669988751411, "37": 0.008890947327017784, "38": 0.009205974638462067, "39": 0.009080588817596436, "40": 0.010125267319381237, "41": 0.008779020048677921, "42": 0.009675053879618645, "43": 0.009351104497909546, "44": 0.00865733902901411, "45": 0.008745917119085789, "46": 0.009160781279206276, "47": 0.009669862687587738, "48": 0.009411263279616833}}, "title": "net.UNetImplicit-sc.3-f.64-b.16-p.1-I.512-O.128-nc.1-bddir./home/georgm/Dropbox/Data/Projects/ANALYST/CHD_orig/-sd_dir.output_512-i_dir.images_1_slice_512-m_dir.BP_masks_512-bo_dir./home/georgm/Dropbox/Apps/Python/Projects/ANALYST/spline-segmentation/ImplicitSpline-m_in.../example_output/saved_models/weights_chd_ct_table1-O128-d3-p1.pth-m_out.../example_output/saved_models/weights_chd_ct_table1-O128-d3-p1.pth-ne.101-bs.10-s.40-lr.0.001-s_lr_s.200-lmae.0-lmse.0-ldice.1-liou.0-lacc.0-wmf.1-loss.1dice", "train_dir": "/home/georgm/Dropbox/Data/Projects/ANALYST/CHD_orig/output_512/train", "val_dir": "/home/georgm/Dropbox/Data/Projects/ANALYST/CHD_orig/output_512/val", "model_dir": "/home/georgm/Dropbox/Apps/Python/Projects/ANALYST/spline-segmentation/ImplicitSpline/example_output/saved_models", "log_dir": "/home/georgm/Dropbox/Apps/Python/Projects/ANALYST/spline-segmentation/ImplicitSpline/example_output/logs/net.UNetImplicit-sc.3-f.64-b.16-p.1-I.512-O.128-nc.1-bddir./home/georgm/Dropbox/Data/Projects/ANALYST/CHD_orig/-sd_dir.output_512-i_dir.images_1_slice_512-m_dir.BP_masks_512-bo_dir./home/georgm/Dropbox/Apps/Python/Projects/ANALYST/spline-segmentation/ImplicitSpline-m_in.../example_output/saved_models/weights_chd_ct_table1-O128-d3-p1.pth-m_out.../example_output/saved_models/weights_chd_ct_table1-O128-d3-p1.pth-ne.101-bs.10-s.40-lr.0.001-s_lr_s.200-lmae.0-lmse.0-ldice.1-liou.0-lacc.0-wmf.1-loss.1dice/Apr-26-22@15:55:37", "epoch": 49}